Farm_ID,Crop_Type,Farm_Area(ha),Irrigation_Type,Water_Usage(m³),Fertilizer_Used(kg/ha),Pesticide_Used(kg/ha),Soil_Type,Season,Climate_Zone,Rainfall(mm),Temperature(°C),Yield(tons/ha),Profit(€)
1,Papa,21.52,Lluvia,3571.0,66.3,16.8,Arcilloso,Verano,Templado,80.7,17.9,14.08,75736.26
2,Tomate,180.61,Goteo,4201.4,186.4,8.7,Volcánico,Primavera,Árido,113.9,16.4,65.52,3550299.87
3,Café,101.55,Lluvia,3517.6,168.4,35.6,Arcilloso,Verano,Tropical,1198.7,32.5,1.97,439018.41
4,Parchita,165.47,Secano,3432.7,212.1,41.3,Franco,Primavera,Tropical,392.0,12.5,22.83,1888594.57
5,Papa,64.69,Goteo,3131.2,89.4,5.0,Volcánico,Primavera,Mediterráneo,897.8,30.3,26.73,432229.11
6,Algodón,179.21,Lluvia,3788.3,471.6,12.0,Arenoso,Primavera,Árido,968.0,19.5,4.54,122027.85
7,Arroz,78.45,Secano,877.2,299.2,7.1,Volcánico,Primavera,Árido,1029.6,20.4,5.92,102165.92
8,Papa,3.16,Goteo,4416.3,187.5,17.4,Franco,Invierno,Mediterráneo,1197.2,14.3,40.17,31736.62
9,Café,181.17,Secano,4372.0,228.6,22.5,Arenoso,Verano,Mediterráneo,289.8,22.2,1.97,785665.18
10,Parchita,19.17,Aspersión,243.3,251.2,37.4,Arenoso,Verano,Árido,48.4,14.8,16.29,156137.44
11,Tomate,64.54,Aspersión,4146.5,320.3,32.6,Arcilloso,Primavera,Mediterráneo,493.4,6.2,159.64,3091037.69
12,Café,190.06,Goteo,731.5,282.1,31.0,Arenoso,Primavera,Tropical,156.1,13.2,0.33,136480.21
13,Café,190.17,Lluvia,1742.1,463.7,17.6,Arenoso,Verano,Templado,26.9,5.2,1.47,614085.6
14,Arroz,115.11,Goteo,3743.2,273.6,42.1,Volcánico,Invierno,Tropical,432.5,34.4,15.51,392851.93
15,Soja,126.74,Secano,887.7,496.5,23.6,Franco,Otoño,Mediterráneo,940.5,34.0,2.03,89882.4
16,Parchita,90.24,Lluvia,4108.0,433.1,49.0,Arcilloso,Otoño,Árido,679.4,16.9,79.67,3594647.7
17,Trigo,59.35,Aspersión,4177.5,143.8,31.7,Volcánico,Verano,Árido,375.3,26.9,6.95,82458.68
18,Café,66.4,Lluvia,2586.6,468.8,6.3,Arenoso,Primavera,Tropical,785.2,15.4,4.73,691058.47
19,Soja,134.83,Aspersión,131.3,102.4,33.8,Arenoso,Primavera,Árido,278.4,25.1,0.07,3296.93
20,Trigo,150.72,Lluvia,1506.5,417.9,16.3,Arcilloso,Invierno,Mediterráneo,17.3,29.2,4.35,131190.98
21,Parchita,158.52,Lluvia,3122.9,221.3,34.3,Franco,Otoño,Tropical,917.2,33.4,20.13,1595237.91
22,Maíz,158.13,Lluvia,4907.8,445.1,3.5,Arcilloso,Invierno,Árido,748.5,17.0,25.69,731354.02
23,Algodón,19.15,Secano,3195.9,440.6,8.7,Volcánico,Otoño,Templado,914.8,28.5,8.32,23893.31
24,Soja,99.39,Secano,1373.0,412.7,42.8,Arcilloso,Verano,Templado,46.7,13.0,4.52,157350.69
25,Cacao,12.45,Goteo,3206.6,405.5,11.4,Arenoso,Otoño,Mediterráneo,1004.5,34.7,3.7,115305.11
26,Maíz,110.36,Goteo,2745.9,187.1,41.9,Volcánico,Invierno,Árido,743.4,5.8,7.8,154916.78
27,Algodón,88.86,Aspersión,3921.2,86.4,14.0,Arenoso,Invierno,Mediterráneo,676.1,23.1,1.55,20608.79
28,Arroz,177.65,Secano,624.2,231.3,32.1,Franco,Invierno,Tropical,749.5,24.8,1.12,43959.96
29,Papa,70.83,Aspersión,3829.0,128.1,34.7,Arenoso,Verano,Templado,1037.3,25.6,27.91,494276.45
30,Tomate,24.3,Goteo,2752.2,362.7,25.6,Arenoso,Otoño,Tropical,704.3,8.6,243.52,1775246.24
31,Cacao,29.46,Aspersión,4818.7,205.7,15.3,Arcilloso,Otoño,Árido,697.1,33.2,2.2,162257.19
32,Arroz,152.54,Goteo,1775.2,489.0,10.6,Arenoso,Invierno,Mediterráneo,1188.8,10.4,7.11,238725.07
33,Parchita,124.03,Secano,3199.8,338.4,1.7,Volcánico,Otoño,Mediterráneo,908.1,23.7,43.22,2680057.81
34,Arroz,21.12,Lluvia,4666.9,420.1,15.2,Volcánico,Primavera,Mediterráneo,530.8,11.7,28.06,130356.47
35,Papa,17.74,Secano,602.3,109.6,32.7,Franco,Primavera,Tropical,848.9,14.2,19.28,85515.97
36,Parchita,140.49,Aspersión,4692.4,437.9,46.9,Volcánico,Primavera,Templado,467.1,21.4,60.94,4280596.5
37,Cacao,15.48,Aspersión,3470.6,465.2,43.6,Arcilloso,Otoño,Tropical,274.7,17.5,4.14,160058.97
38,Papa,164.55,Secano,432.4,269.2,38.3,Franco,Verano,Tropical,716.2,9.8,4.92,202425.09
39,Trigo,141.54,Secano,1574.7,322.8,39.4,Volcánico,Verano,Árido,1113.8,10.1,5.37,152113.46
40,Tomate,17.19,Goteo,3570.0,394.2,33.2,Arcilloso,Verano,Árido,1115.0,17.5,211.99,1093208.48
41,Cacao,17.88,Aspersión,430.0,128.7,13.0,Volcánico,Verano,Árido,410.3,27.7,0.89,39766.76
42,Trigo,197.34,Aspersión,2952.6,276.2,45.4,Volcánico,Primavera,Templado,633.2,31.9,5.85,230839.58
43,Algodón,75.48,Secano,1794.8,229.4,33.5,Arenoso,Primavera,Templado,254.0,7.5,2.43,27478.55
44,Cacao,74.76,Lluvia,3142.5,115.9,28.0,Volcánico,Invierno,Árido,1194.8,16.8,1.11,207894.59
45,Algodón,162.75,Aspersión,324.1,215.4,5.5,Volcánico,Otoño,Árido,1177.3,8.0,0.21,5046.66
46,Parchita,189.5,Lluvia,4370.5,80.7,22.4,Arcilloso,Otoño,Templado,779.4,5.5,11.09,1050416.49
47,Trigo,197.21,Secano,4870.1,61.6,23.0,Arcilloso,Verano,Mediterráneo,965.3,24.9,1.66,65426.36
48,Tomate,150.92,Secano,4847.5,110.8,43.2,Arenoso,Primavera,Templado,858.1,23.1,59.77,2706185.06
49,Papa,75.88,Goteo,3773.3,483.4,27.3,Volcánico,Verano,Templado,711.8,9.9,93.37,1771185.43
50,Café,17.62,Aspersión,737.4,297.3,19.0,Arenoso,Invierno,Templado,64.0,12.0,4.87,188832.1
51,Arroz,155.65,Lluvia,3815.5,484.6,48.8,Volcánico,Otoño,Árido,545.7,5.7,14.24,487531.54
52,Maíz,112.12,Goteo,220.5,244.6,5.5,Franco,Otoño,Mediterráneo,809.7,30.0,0.87,17521.82
53,Tomate,85.42,Aspersión,208.4,190.3,21.1,Franco,Verano,Templado,813.0,34.2,7.89,202206.94
54,Trigo,181.36,Goteo,1685.7,277.8,2.1,Arenoso,Invierno,Árido,447.7,9.1,3.62,131315.56
55,Café,23.13,Secano,2494.4,247.8,37.0,Arenoso,Otoño,Tropical,1130.0,11.9,4.26,216865.85
56,Tomate,99.03,Aspersión,3875.0,97.5,45.9,Arenoso,Invierno,Tropical,200.8,31.1,47.15,1400668.51
57,Trigo,3.26,Goteo,3448.1,338.4,14.0,Arcilloso,Invierno,Templado,600.4,32.8,18.22,11879.31
58,Soja,94.26,Goteo,2284.9,147.2,42.9,Arcilloso,Verano,Tropical,829.1,17.6,2.29,75574.54
59,Soja,12.2,Lluvia,1440.8,328.8,14.6,Arcilloso,Primavera,Mediterráneo,836.6,6.5,9.53,40701.02
60,Algodón,24.64,Goteo,4985.9,342.6,45.5,Arenoso,Verano,Tropical,778.4,6.2,6.99,25817.19
61,Tomate,24.39,Aspersión,2188.3,118.4,37.7,Volcánico,Primavera,Tropical,330.3,22.2,68.28,499577.29
62,Soja,130.19,Aspersión,2311.8,77.6,40.2,Franco,Invierno,Mediterráneo,187.4,16.8,1.04,47460.78
63,Trigo,149.46,Lluvia,901.8,401.3,0.9,Arenoso,Primavera,Templado,763.1,5.9,3.62,108090.7
64,Algodón,117.09,Aspersión,3994.6,256.9,48.1,Arcilloso,Invierno,Templado,719.2,22.5,3.74,65735.62
65,Trigo,192.47,Secano,3499.0,76.2,36.3,Arcilloso,Otoño,Mediterráneo,215.2,5.3,1.85,71334.03
66,Algodón,75.6,Aspersión,1181.8,497.7,15.2,Arenoso,Otoño,Mediterráneo,846.2,28.6,3.0,33979.13
67,Tomate,57.86,Aspersión,503.7,76.0,41.5,Arenoso,Otoño,Mediterráneo,546.2,14.2,8.47,146977.51
68,Café,173.85,Goteo,3434.4,362.8,14.1,Arcilloso,Verano,Tropical,801.3,6.2,2.32,887629.61
69,Papa,45.5,Goteo,3307.1,492.7,43.6,Volcánico,Verano,Mediterráneo,1004.8,22.7,117.97,1341919.26
70,Cacao,192.68,Aspersión,1439.0,157.6,5.6,Arcilloso,Invierno,Árido,203.7,16.9,0.34,163263.61
71,Café,3.42,Lluvia,4759.2,114.0,35.2,Arcilloso,Otoño,Tropical,23.0,34.2,1.99,14960.85
72,Parchita,194.01,Goteo,840.2,104.6,27.0,Arenoso,Verano,Templado,934.9,21.3,2.71,262910.62
73,Trigo,9.59,Lluvia,2218.4,186.5,4.8,Volcánico,Otoño,Templado,731.6,13.3,8.24,15798.6
74,Parchita,178.34,Aspersión,4723.7,95.5,12.1,Arcilloso,Verano,Templado,839.6,26.3,11.92,1062570.13
75,Café,106.01,Aspersión,2156.7,361.5,0.6,Arcilloso,Primavera,Tropical,1005.8,13.1,2.94,686746.09
76,Algodón,198.6,Secano,3228.8,78.0,23.4,Franco,Primavera,Árido,963.4,32.1,0.63,18766.1
77,Cacao,15.69,Goteo,2048.2,279.2,15.1,Arenoso,Otoño,Mediterráneo,1153.1,16.2,2.7,105941.13
78,Cacao,111.22,Aspersión,1443.7,498.5,29.9,Franco,Invierno,Mediterráneo,643.1,21.5,1.22,340397.21
79,Maíz,193.89,Secano,4921.5,416.3,14.9,Franco,Verano,Templado,586.2,6.5,18.43,643370.69
80,Cacao,105.1,Goteo,2105.7,326.8,15.0,Arcilloso,Verano,Templado,482.3,17.8,1.69,443093.99
81,Papa,126.25,Aspersión,4481.1,187.8,37.2,Arenoso,Primavera,Tropical,184.4,30.0,36.02,1136860.06
82,Cacao,139.45,Aspersión,1226.8,330.8,2.4,Volcánico,Primavera,Árido,687.1,29.2,0.72,250773.73
83,Café,91.45,Goteo,1144.2,287.2,45.1,Arcilloso,Invierno,Mediterráneo,332.4,11.7,1.38,276905.37
84,Maíz,125.88,Goteo,252.6,241.7,42.6,Volcánico,Invierno,Tropical,1105.6,11.8,0.87,19772.53
85,Café,117.28,Goteo,3293.2,108.8,33.4,Volcánico,Invierno,Mediterráneo,699.8,29.5,1.01,261320.98
86,Café,180.33,Aspersión,1905.8,449.0,29.7,Arenoso,Otoño,Templado,711.4,32.9,1.74,689861.15
87,Arroz,10.04,Aspersión,4335.4,252.4,44.6,Franco,Primavera,Mediterráneo,425.9,7.9,12.27,27097.22
88,Maíz,56.91,Secano,2418.7,137.6,9.3,Arenoso,Otoño,Árido,62.4,18.5,9.07,92938.89
89,Café,190.13,Lluvia,4844.1,215.5,3.9,Volcánico,Primavera,Árido,38.1,15.1,2.29,957750.37
90,Arroz,178.16,Goteo,1009.1,236.4,12.0,Arcilloso,Primavera,Templado,508.0,31.1,2.06,80733.82
91,Arroz,91.68,Aspersión,4356.3,422.4,39.7,Volcánico,Verano,Árido,101.5,7.5,21.71,437824.72
92,Maíz,124.41,Aspersión,3905.3,380.1,1.7,Arcilloso,Primavera,Árido,728.2,11.3,22.51,504050.48
93,Parchita,56.2,Goteo,3877.5,396.2,29.1,Arcilloso,Primavera,Tropical,1057.2,27.6,89.51,2515332.88
94,Algodón,38.44,Lluvia,4239.4,55.0,49.8,Arenoso,Otoño,Mediterráneo,1059.5,6.5,1.23,7094.18
95,Papa,93.28,Goteo,3829.0,237.3,42.8,Volcánico,Primavera,Templado,790.9,19.8,64.9,1513518.08
96,Algodón,71.32,Lluvia,3168.5,266.6,26.1,Franco,Otoño,Templado,253.5,18.3,5.57,59554.03
97,Cacao,117.15,Aspersión,743.1,58.6,3.2,Volcánico,Invierno,Templado,1035.6,15.0,0.09,27087.33
98,Papa,16.47,Lluvia,259.4,166.9,41.6,Volcánico,Primavera,Templado,1063.3,16.8,14.02,57721.06
99,Cacao,194.9,Secano,4612.2,392.1,29.9,Franco,Primavera,Templado,236.0,20.9,2.1,1022373.32
100,Café,197.26,Aspersión,3121.6,111.7,5.7,Arenoso,Otoño,Árido,884.9,9.8,0.64,278354.4
101,Trigo,139.93,Secano,4003.0,290.9,4.7,Volcánico,Invierno,Tropical,343.8,22.2,10.82,302681.31
102,Maíz,107.68,Goteo,2459.5,146.8,45.5,Volcánico,Verano,Templado,963.2,29.2,5.9,114355.81
103,Papa,62.6,Goteo,674.8,55.5,33.5,Arcilloso,Invierno,Tropical,1196.7,27.8,3.42,53559.82
104,Papa,162.95,Goteo,713.4,158.5,41.5,Volcánico,Otoño,Tropical,36.0,9.6,3.48,141799.22
105,Café,137.26,Lluvia,3459.3,489.1,43.9,Franco,Invierno,Árido,1076.8,9.5,3.77,1139851.72
106,Parchita,33.36,Aspersión,2208.5,410.7,28.6,Arcilloso,Otoño,Templado,747.2,13.0,73.14,1219975.73
107,Arroz,182.27,Goteo,1082.6,481.8,25.9,Arenoso,Otoño,Árido,1168.1,15.8,3.9,156313.71
108,Café,164.68,Goteo,2508.8,269.5,21.5,Arcilloso,Verano,Templado,558.0,17.3,1.25,451583.15
109,Soja,190.01,Aspersión,414.6,99.4,15.8,Franco,Primavera,Árido,1016.9,25.4,0.17,11185.02
110,Arroz,145.42,Goteo,2951.7,296.6,21.7,Franco,Otoño,Tropical,74.9,6.7,11.69,373916.84
111,Maíz,123.07,Secano,1418.1,254.5,38.7,Arcilloso,Otoño,Templado,402.3,6.0,4.46,98879.55
112,Arroz,84.23,Aspersión,4008.0,430.0,30.1,Arenoso,Verano,Mediterráneo,80.4,16.8,23.73,439691.02
113,Parchita,186.61,Aspersión,1620.8,94.1,44.6,Arcilloso,Otoño,Tropical,1170.4,25.9,3.76,350875.79
114,Arroz,173.35,Aspersión,2330.6,269.7,22.2,Arenoso,Primavera,Mediterráneo,980.4,10.8,5.71,217853.6
115,Maíz,10.0,Secano,156.9,117.5,30.4,Arcilloso,Verano,Tropical,1023.1,24.2,3.29,5924.64
116,Parchita,6.25,Aspersión,455.0,196.1,31.6,Franco,Primavera,Árido,1125.6,12.8,37.77,118021.09
117,Algodón,75.92,Secano,2023.2,381.8,29.6,Volcánico,Primavera,Templado,102.1,31.6,5.13,58429.72
118,Papa,162.3,Aspersión,2451.7,264.2,35.1,Volcánico,Verano,Tropical,462.7,31.9,28.9,1172640.49
119,Papa,197.47,Lluvia,3040.1,219.1,11.9,Arenoso,Otoño,Árido,85.2,13.9,18.52,914325.43
120,Cacao,30.93,Goteo,1529.1,227.5,25.6,Arenoso,Primavera,Templado,253.0,11.9,1.84,142319.27
121,Algodón,119.23,Lluvia,3505.4,256.8,5.2,Arenoso,Primavera,Templado,275.2,17.3,4.32,77280.98
122,Algodón,76.8,Goteo,4314.6,403.3,19.2,Franco,Primavera,Tropical,562.9,12.2,8.25,95002.84
123,Arroz,194.01,Secano,3921.3,451.4,24.4,Arcilloso,Primavera,Templado,322.3,25.2,14.02,598495.34
124,Papa,168.58,Lluvia,294.1,479.9,32.6,Franco,Verano,Tropical,121.2,29.8,4.53,190940.4
125,Maíz,167.83,Aspersión,2454.5,404.1,47.5,Volcánico,Verano,Templado,201.0,25.2,11.51,347636.04
126,Tomate,94.27,Goteo,614.2,191.9,30.0,Arenoso,Invierno,Mediterráneo,176.7,29.7,18.23,515472.12
127,Tomate,83.55,Goteo,1286.0,359.7,37.2,Arcilloso,Invierno,Árido,1167.7,16.9,91.35,2289625.66
128,Parchita,55.41,Lluvia,4934.6,246.9,25.3,Volcánico,Primavera,Mediterráneo,911.2,9.7,57.54,1594101.23
129,Papa,12.22,Secano,798.2,164.6,31.7,Volcánico,Otoño,Tropical,1161.3,27.1,42.34,129339.97
130,Papa,173.08,Lluvia,2544.6,428.4,3.5,Volcánico,Primavera,Mediterráneo,527.7,15.8,32.06,1387306.47
131,Tomate,162.77,Secano,3129.0,67.3,12.7,Franco,Otoño,Tropical,334.0,25.1,17.61,859981.07
132,Papa,199.94,Secano,3542.1,455.8,18.1,Arenoso,Primavera,Templado,958.0,13.1,38.95,1946954.74
133,Arroz,199.33,Goteo,2842.3,257.7,23.6,Volcánico,Invierno,Templado,391.5,7.4,4.95,217236.95
134,Soja,111.53,Lluvia,147.9,336.7,2.3,Arenoso,Invierno,Tropical,359.3,34.8,0.31,12059.75
135,Trigo,154.03,Lluvia,1699.7,346.7,7.0,Franco,Otoño,Mediterráneo,279.0,9.7,4.89,150570.45
136,Algodón,189.01,Secano,2636.8,452.8,13.8,Volcánico,Primavera,Templado,155.6,34.7,2.89,81888.2
137,Cacao,170.08,Lluvia,530.5,336.5,48.6,Franco,Otoño,Árido,307.8,34.3,0.25,108290.59
138,Parchita,50.22,Aspersión,1818.1,326.3,16.6,Franco,Invierno,Templado,426.4,28.8,61.79,1551587.99
139,Soja,90.66,Aspersión,262.7,80.0,24.1,Arenoso,Primavera,Árido,808.8,24.8,0.14,4593.37
140,Tomate,26.7,Lluvia,485.0,283.3,9.8,Volcánico,Primavera,Mediterráneo,75.1,22.3,64.46,516353.67
141,Algodón,190.86,Lluvia,2044.9,117.6,30.5,Franco,Otoño,Árido,252.6,31.0,0.55,15668.46
142,Papa,121.63,Secano,750.3,381.8,14.0,Volcánico,Verano,Árido,970.8,13.7,14.83,450837.45
143,Cacao,46.5,Aspersión,2881.0,280.5,10.3,Arenoso,Otoño,Árido,176.3,19.0,2.48,288776.86
144,Papa,134.67,Aspersión,3478.4,356.1,25.8,Franco,Invierno,Árido,411.2,23.6,52.5,1767630.65
145,Maíz,124.01,Goteo,4022.9,68.8,0.3,Arenoso,Invierno,Templado,1037.6,17.3,3.75,83707.83
146,Maíz,72.27,Secano,1080.7,88.2,0.4,Volcánico,Invierno,Árido,185.9,17.8,2.6,33770.61
147,Cacao,23.6,Goteo,920.7,372.3,11.0,Volcánico,Invierno,Templado,99.3,14.9,2.93,172576.21
148,Cacao,134.64,Aspersión,612.4,82.4,1.8,Arenoso,Invierno,Árido,581.4,21.9,0.1,33423.08
149,Tomate,104.54,Secano,3218.5,82.1,5.4,Arcilloso,Verano,Tropical,362.9,30.5,40.48,1269397.56
150,Cacao,154.69,Lluvia,3561.7,55.4,16.9,Franco,Primavera,Mediterráneo,676.1,11.0,0.36,138056.42
151,Arroz,104.51,Secano,254.8,480.4,40.1,Volcánico,Otoño,Árido,964.6,33.0,1.72,39455.62
152,Papa,170.58,Lluvia,4687.4,381.9,28.6,Volcánico,Otoño,Tropical,164.6,25.7,53.0,2260178.28
153,Soja,110.83,Lluvia,354.7,209.0,25.6,Franco,Invierno,Árido,696.8,29.7,0.43,16764.82
154,Café,112.63,Secano,2752.4,183.4,14.7,Arenoso,Otoño,Árido,606.6,21.7,1.94,480780.59
155,Cacao,175.45,Lluvia,3574.4,207.4,46.6,Arenoso,Invierno,Árido,172.9,28.4,1.04,455643.74
156,Parchita,81.29,Goteo,4367.7,398.6,19.9,Arenoso,Verano,Tropical,748.8,5.5,89.96,3656327.99
157,Maíz,27.67,Aspersión,3599.0,347.6,4.4,Arcilloso,Verano,Mediterráneo,328.4,29.6,25.92,129090.73
158,Arroz,6.73,Lluvia,4028.5,133.3,30.9,Arcilloso,Primavera,Tropical,585.4,6.2,9.43,13959.03
159,Algodón,151.27,Goteo,1763.3,128.3,5.7,Volcánico,Verano,Mediterráneo,98.7,31.7,0.88,19897.55
160,Café,124.44,Lluvia,4092.6,94.3,17.3,Arenoso,Verano,Árido,551.5,34.8,1.39,381684.34
161,Soja,141.11,Aspersión,492.6,347.1,25.4,Franco,Primavera,Templado,367.8,13.8,0.99,48835.13
162,Café,43.38,Goteo,4484.6,394.0,43.7,Volcánico,Otoño,Árido,986.9,11.3,5.41,516021.59
163,Cacao,28.14,Aspersión,2783.2,169.3,24.7,Franco,Invierno,Mediterráneo,68.4,28.0,1.95,137194.34
164,Tomate,3.89,Aspersión,4104.8,59.4,35.1,Volcánico,Invierno,Tropical,502.3,12.6,29.21,34092.38
165,Maíz,70.77,Goteo,2316.4,87.0,49.6,Arcilloso,Otoño,Árido,550.1,31.0,4.45,56652.45
166,Maíz,118.39,Goteo,3253.5,485.5,6.6,Volcánico,Primavera,Tropical,870.0,8.1,22.29,475102.88
167,Algodón,79.06,Goteo,2679.4,183.0,13.7,Arcilloso,Otoño,Tropical,689.1,8.8,2.8,33188.37
168,Tomate,88.06,Secano,3684.8,396.2,19.7,Volcánico,Verano,Tropical,800.7,34.4,211.16,5578352.7
169,Papa,180.93,Goteo,500.0,331.1,21.1,Arenoso,Primavera,Árido,932.5,25.2,4.89,221229.15
170,Trigo,70.3,Goteo,395.7,221.9,20.6,Franco,Primavera,Tropical,1034.6,30.4,1.79,25104.67
171,Arroz,103.28,Goteo,1310.8,142.6,45.4,Arenoso,Primavera,Tropical,376.7,14.7,2.99,67853.57
172,Maíz,156.95,Goteo,881.8,104.6,35.7,Volcánico,Invierno,Árido,645.6,25.3,1.1,31087.0
173,Parchita,79.91,Lluvia,4371.7,326.8,30.4,Volcánico,Otoño,Tropical,1008.1,22.8,64.39,2572781.03
174,Maíz,124.8,Secano,1174.1,398.6,15.5,Volcánico,Primavera,Árido,1187.3,23.1,7.24,162634.83
175,Café,172.61,Aspersión,4881.7,339.8,41.2,Arcilloso,Primavera,Mediterráneo,1067.4,25.5,3.98,1510839.59
176,Maíz,189.95,Goteo,1750.8,288.6,47.8,Franco,Primavera,Mediterráneo,445.8,22.3,4.31,147232.46
177,Maíz,30.27,Lluvia,992.4,68.9,41.1,Franco,Otoño,Mediterráneo,234.2,17.9,3.81,20769.05
178,Trigo,185.39,Lluvia,3969.5,485.8,0.1,Volcánico,Invierno,Tropical,587.3,13.3,9.46,350854.62
179,Trigo,98.93,Lluvia,3327.7,409.4,31.8,Volcánico,Verano,Templado,890.0,28.1,20.02,396204.08
180,Soja,52.39,Aspersión,2541.2,181.8,2.6,Arcilloso,Invierno,Templado,591.1,11.8,5.77,105831.8
181,Papa,92.37,Goteo,2821.3,491.0,12.9,Arenoso,Primavera,Tropical,579.8,25.8,89.63,2069807.16
182,Parchita,196.03,Secano,3624.1,320.8,3.0,Arenoso,Invierno,Templado,1005.9,12.0,27.32,2677942.02
183,Maíz,99.03,Secano,1219.4,312.1,30.2,Franco,Invierno,Árido,433.7,23.8,7.48,133398.39
184,Maíz,66.42,Lluvia,4982.0,386.6,34.3,Arcilloso,Verano,Templado,1031.8,27.4,29.94,357949.07
185,Arroz,127.05,Aspersión,4876.5,415.3,5.7,Volcánico,Otoño,Tropical,488.2,11.6,27.27,762349.88
186,Trigo,48.79,Aspersión,3286.6,345.4,19.2,Franco,Otoño,Tropical,393.9,6.8,20.49,199908.57
187,Parchita,16.1,Aspersión,1077.8,107.6,22.8,Arcilloso,Invierno,Árido,544.8,8.9,20.6,165859.98
188,Algodón,26.65,Secano,3433.1,202.2,18.5,Arenoso,Invierno,Mediterráneo,914.9,23.2,3.45,13777.98
189,Soja,26.48,Lluvia,453.8,467.6,6.1,Arcilloso,Otoño,Tropical,151.2,30.5,5.49,50921.7
190,Papa,31.23,Goteo,250.2,151.1,20.9,Arenoso,Otoño,Árido,235.7,6.3,8.26,64488.85
191,Tomate,28.63,Secano,1362.6,217.5,37.6,Arcilloso,Verano,Templado,1141.7,27.0,134.42,1154517.59
192,Papa,128.53,Lluvia,2366.9,244.4,3.6,Franco,Primavera,Templado,210.6,15.2,24.83,797861.71
193,Café,37.19,Lluvia,4354.5,247.7,4.0,Arenoso,Invierno,Árido,681.3,19.4,3.72,304536.61
194,Maíz,69.79,Goteo,3663.1,325.8,17.7,Franco,Otoño,Árido,695.2,32.9,21.09,264970.96
195,Soja,179.46,Goteo,3739.3,474.4,47.1,Franco,Invierno,Tropical,587.5,15.0,6.07,381235.07
196,Café,95.32,Goteo,2184.9,158.3,33.4,Arenoso,Invierno,Templado,773.7,19.0,1.44,301917.29
197,Parchita,133.84,Aspersión,1795.1,104.7,33.9,Arenoso,Otoño,Árido,275.8,5.4,7.71,515954.79
198,Tomate,35.29,Goteo,1918.1,138.9,18.1,Volcánico,Verano,Templado,663.2,7.4,74.41,787815.11
199,Trigo,39.27,Lluvia,4939.5,449.1,29.7,Volcánico,Invierno,Árido,446.6,12.8,19.24,151131.4
200,Soja,9.13,Goteo,296.5,340.6,0.5,Volcánico,Verano,Templado,794.0,5.8,7.53,24061.58
201,Soja,34.62,Lluvia,4348.5,178.7,31.8,Franco,Otoño,Mediterráneo,169.5,23.9,4.71,57128.57
202,Maíz,56.44,Secano,2935.5,417.2,45.7,Franco,Primavera,Tropical,685.1,17.8,31.17,316702.26
203,Cacao,36.23,Aspersión,2249.2,437.6,30.6,Volcánico,Primavera,Templado,222.3,21.4,4.65,421608.9
204,Soja,18.65,Secano,3653.8,430.9,43.7,Franco,Invierno,Mediterráneo,334.4,10.2,11.38,74264.11
205,Arroz,25.01,Secano,2484.7,463.5,36.2,Franco,Otoño,Templado,262.5,13.9,26.41,145325.63
206,Tomate,92.69,Lluvia,4379.8,163.5,6.0,Arenoso,Verano,Templado,219.4,24.9,113.68,3161046.79
207,Tomate,42.06,Secano,4513.4,389.8,45.1,Arenoso,Invierno,Mediterráneo,990.9,34.0,266.26,3359676.4
208,Arroz,73.49,Lluvia,2166.4,257.2,3.3,Franco,Otoño,Templado,342.8,6.5,9.93,160546.24
209,Algodón,101.18,Goteo,1456.5,428.9,26.7,Volcánico,Otoño,Templado,1112.5,31.7,3.4,51670.07
210,Arroz,138.39,Goteo,3002.5,377.8,7.1,Arcilloso,Verano,Tropical,1163.9,22.3,12.86,391454.82
211,Arroz,8.82,Lluvia,4570.6,399.4,0.6,Volcánico,Invierno,Mediterráneo,685.5,21.9,22.42,43509.64
212,Tomate,160.08,Goteo,1132.2,345.3,21.1,Arcilloso,Otoño,Mediterráneo,171.6,20.0,30.22,1451348.57
213,Papa,125.95,Aspersión,3152.5,129.8,14.8,Volcánico,Otoño,Árido,449.5,7.1,20.19,635830.37
214,Tomate,17.27,Secano,3194.6,295.3,24.3,Arenoso,Otoño,Templado,957.3,7.7,149.47,774404.14
215,Cacao,174.84,Aspersión,3692.3,493.1,28.9,Franco,Verano,Tropical,440.9,23.0,2.09,913251.19
216,Maíz,184.25,Secano,744.7,471.8,2.2,Franco,Invierno,Templado,104.4,15.2,2.62,86961.53
217,Café,13.15,Goteo,3607.5,69.4,6.2,Arenoso,Invierno,Templado,668.1,32.5,1.17,33836.39
218,Papa,56.1,Aspersión,4554.3,124.2,27.9,Arcilloso,Invierno,Árido,1014.1,17.2,35.71,500882.81
219,Trigo,161.43,Goteo,980.4,109.3,17.2,Arcilloso,Invierno,Templado,955.1,9.3,0.76,24672.7
220,Café,149.9,Secano,1264.0,376.7,36.5,Arcilloso,Primavera,Tropical,210.1,26.4,1.36,449184.67
221,Maíz,37.72,Lluvia,4859.8,418.0,32.6,Arenoso,Primavera,Tropical,807.3,13.8,32.0,217273.9
222,Cacao,42.66,Lluvia,986.8,146.1,42.3,Arcilloso,Invierno,Árido,264.6,20.8,0.93,99645.95
223,Cacao,74.72,Aspersión,4286.5,277.6,34.6,Arenoso,Verano,Templado,261.8,25.9,2.38,445273.34
224,Trigo,97.42,Goteo,2512.2,428.3,21.5,Volcánico,Primavera,Tropical,1048.9,32.0,13.88,270345.16
225,Papa,124.03,Goteo,1311.4,379.8,33.6,Volcánico,Otoño,Templado,299.6,28.8,29.57,916767.07
226,Algodón,74.41,Aspersión,4366.7,294.0,13.8,Arenoso,Primavera,Templado,315.9,25.3,6.31,70421.64
227,Arroz,93.04,Lluvia,2282.0,315.7,15.3,Franco,Otoño,Templado,0.8,25.4,10.83,221728.41
228,Papa,149.75,Secano,2622.6,278.8,39.4,Volcánico,Invierno,Árido,1044.8,33.4,30.52,1142734.87
229,Algodón,8.3,Aspersión,1860.2,183.9,22.3,Arcilloso,Primavera,Templado,951.1,13.9,3.89,4846.03
230,Cacao,51.23,Secano,3005.5,304.3,39.9,Arenoso,Verano,Tropical,752.8,5.0,3.36,430518.08
231,Tomate,142.96,Lluvia,901.3,360.0,41.1,Arcilloso,Primavera,Templado,900.3,13.2,28.87,1238142.4
232,Maíz,179.15,Goteo,2016.3,443.0,42.9,Arcilloso,Primavera,Tropical,182.5,11.5,7.29,234955.46
233,Trigo,102.82,Lluvia,4850.1,336.3,45.8,Franco,Primavera,Templado,550.0,24.9,18.85,387609.1
234,Maíz,106.89,Aspersión,1364.9,392.5,21.5,Arcilloso,Invierno,Tropical,421.5,24.0,10.04,193148.95
235,Parchita,22.33,Goteo,3318.0,122.0,15.9,Franco,Verano,Tropical,112.5,22.8,22.95,256192.68
236,Parchita,90.04,Aspersión,1693.4,257.7,29.1,Volcánico,Primavera,Templado,583.4,5.5,28.62,1288389.63
237,Papa,106.99,Aspersión,3890.0,54.2,18.6,Arenoso,Verano,Templado,1104.9,26.9,11.47,306877.69
238,Cacao,49.25,Lluvia,741.3,161.0,30.1,Arcilloso,Invierno,Tropical,48.1,14.7,0.71,87379.95
239,Cacao,54.58,Aspersión,4852.1,376.9,35.3,Arenoso,Otoño,Mediterráneo,349.8,25.0,4.15,566083.51
240,Arroz,76.08,Lluvia,2323.6,496.3,34.4,Arcilloso,Primavera,Árido,249.0,21.7,20.61,344986.66
241,Arroz,4.99,Goteo,1256.6,94.6,18.7,Arenoso,Verano,Mediterráneo,285.8,15.3,6.69,7342.12
242,Arroz,65.09,Lluvia,460.1,230.7,8.3,Arcilloso,Verano,Mediterráneo,1090.1,9.0,2.26,32406.66
243,Tomate,43.08,Goteo,931.8,410.0,21.5,Arcilloso,Invierno,Templado,561.7,7.8,148.39,1917760.55
244,Café,66.17,Lluvia,2646.9,141.8,7.1,Arcilloso,Primavera,Árido,559.6,29.9,1.81,264018.72
245,Soja,24.83,Secano,1751.3,299.8,44.5,Arcilloso,Otoño,Mediterráneo,912.7,32.6,9.73,84572.95
246,Café,178.21,Secano,4161.5,379.9,17.3,Arcilloso,Verano,Templado,185.4,24.5,3.65,1430530.28
247,Maíz,119.12,Aspersión,2211.3,327.2,7.7,Arcilloso,Primavera,Mediterráneo,584.7,8.1,11.39,244116.53
248,Café,136.14,Lluvia,1318.7,134.6,1.3,Arcilloso,Otoño,Mediterráneo,516.0,17.1,0.44,131927.12
249,Tomate,158.05,Lluvia,3124.0,209.9,32.3,Arcilloso,Verano,Templado,716.3,26.9,71.52,3391080.64
250,Maíz,100.19,Goteo,3563.2,402.7,31.8,Arcilloso,Verano,Templado,1199.5,28.4,21.6,389495.05
251,Café,18.3,Aspersión,918.5,299.4,17.0,Arenoso,Otoño,Templado,923.3,8.5,3.69,148525.16
252,Tomate,107.88,Lluvia,921.3,52.4,3.6,Franco,Otoño,Árido,477.4,5.0,7.3,236139.6
253,Soja,117.78,Aspersión,279.7,392.4,20.5,Arcilloso,Invierno,Mediterráneo,993.1,26.4,0.69,28527.88
254,Café,149.34,Secano,3708.4,65.9,15.6,Franco,Primavera,Templado,204.9,15.7,0.7,229770.0
255,Tomate,86.9,Lluvia,3352.6,385.6,33.9,Arcilloso,Primavera,Tropical,36.6,12.6,212.74,5546099.86
256,Arroz,26.39,Lluvia,2425.7,141.1,30.3,Arcilloso,Invierno,Mediterráneo,245.3,5.4,7.34,42630.01
257,Cacao,57.47,Aspersión,4236.4,481.1,18.2,Arenoso,Verano,Tropical,408.5,21.2,4.99,717245.46
258,Arroz,73.25,Lluvia,4047.8,215.6,10.9,Volcánico,Otoño,Árido,612.7,30.5,13.19,212541.99
259,Cacao,129.54,Aspersión,2968.2,197.1,49.4,Volcánico,Otoño,Templado,738.2,33.7,0.99,320187.52
260,Trigo,114.58,Lluvia,4354.5,117.0,22.7,Arenoso,Otoño,Tropical,1092.7,22.0,6.05,138597.17
261,Trigo,71.86,Goteo,1108.6,187.5,34.4,Franco,Verano,Árido,611.8,20.4,3.63,52196.64
262,Trigo,197.32,Aspersión,648.4,444.5,7.0,Volcánico,Otoño,Templado,601.5,7.6,1.71,67545.46
263,Soja,121.55,Lluvia,1421.8,498.4,24.3,Arenoso,Otoño,Tropical,60.3,21.5,3.45,146954.02
264,Arroz,48.21,Secano,379.7,215.7,1.4,Arenoso,Invierno,Tropical,41.9,16.4,3.17,33639.2
265,Cacao,21.25,Lluvia,2702.7,251.9,25.3,Volcánico,Verano,Árido,661.4,23.2,2.85,151462.96
266,Tomate,31.42,Secano,4689.4,374.9,48.2,Franco,Primavera,Templado,525.8,16.7,243.78,2297869.98
267,Maíz,49.95,Secano,292.8,448.8,19.2,Arenoso,Invierno,Templado,1007.0,12.2,3.46,31069.66
268,Tomate,32.98,Goteo,698.3,316.9,1.9,Arcilloso,Invierno,Tropical,192.8,7.8,114.29,1130784.44
269,Maíz,38.13,Aspersión,2315.8,226.2,1.5,Franco,Primavera,Tropical,30.0,14.4,16.92,116109.02
270,Parchita,57.73,Lluvia,4676.0,235.7,19.4,Franco,Invierno,Tropical,538.8,7.9,55.94,1614725.32
271,Tomate,35.5,Goteo,1649.2,363.0,8.0,Volcánico,Verano,Templado,285.0,10.3,205.86,2192441.64
272,Café,179.46,Lluvia,2585.5,51.4,1.2,Volcánico,Otoño,Árido,59.5,34.6,0.32,126271.53
273,Café,16.97,Secano,303.7,328.8,37.8,Arcilloso,Verano,Árido,869.5,18.3,2.41,89808.26
274,Papa,105.38,Aspersión,826.9,210.0,22.9,Arenoso,Primavera,Templado,133.9,21.0,8.7,229280.76
275,Arroz,82.67,Lluvia,4934.5,407.4,14.5,Volcánico,Primavera,Mediterráneo,730.0,31.2,23.11,420395.73
276,Maíz,196.49,Lluvia,4829.1,91.8,45.0,Volcánico,Invierno,Árido,337.3,34.9,4.56,161225.22
277,Maíz,23.3,Secano,124.2,314.7,5.8,Franco,Verano,Tropical,208.2,22.5,2.4,10082.04
278,Arroz,80.17,Lluvia,4763.9,266.4,47.8,Volcánico,Verano,Mediterráneo,455.7,29.4,18.93,333948.53
279,Soja,193.92,Lluvia,3231.7,339.0,15.7,Volcánico,Primavera,Mediterráneo,961.7,14.8,4.54,308190.4
280,Papa,173.24,Secano,4352.8,79.2,44.4,Volcánico,Verano,Árido,470.5,14.2,13.09,566965.74
281,Soja,163.6,Goteo,2328.2,311.0,30.1,Volcánico,Primavera,Mediterráneo,900.9,17.1,3.01,172624.65
282,Soja,52.32,Secano,2626.4,302.7,41.3,Franco,Verano,Mediterráneo,150.6,25.2,8.17,149581.78
283,Soja,35.01,Goteo,2495.3,302.3,49.2,Arcilloso,Verano,Árido,927.3,25.5,10.67,130776.83
284,Arroz,134.06,Aspersión,3367.6,321.6,14.4,Arcilloso,Verano,Árido,284.3,14.5,11.14,328557.95
285,Soja,185.95,Goteo,784.3,354.4,48.1,Arenoso,Primavera,Mediterráneo,812.9,9.0,1.24,81004.15
286,Café,111.8,Goteo,246.9,412.2,19.5,Volcánico,Invierno,Tropical,678.9,24.0,0.32,77993.75
287,Trigo,114.75,Aspersión,1608.9,171.4,19.3,Franco,Verano,Templado,1115.0,8.8,2.57,58993.24
288,Parchita,56.72,Goteo,3552.9,421.3,17.0,Arenoso,Primavera,Mediterráneo,464.8,22.4,64.34,1824764.35
289,Maíz,154.13,Secano,1089.1,274.2,27.1,Arenoso,Primavera,Mediterráneo,79.4,25.8,3.45,95734.13
290,Maíz,38.22,Goteo,3399.8,84.7,7.7,Arcilloso,Verano,Tropical,23.0,26.0,7.06,48551.79
291,Parchita,65.41,Aspersión,4852.6,76.3,27.7,Franco,Verano,Mediterráneo,992.2,27.6,14.46,472953.79
292,Arroz,85.66,Secano,560.1,200.4,27.1,Franco,Invierno,Mediterráneo,629.7,31.2,1.85,34924.66
293,Tomate,102.01,Aspersión,3395.8,403.2,38.1,Franco,Primavera,Templado,930.3,20.0,187.28,5731247.75
294,Arroz,49.24,Aspersión,2274.4,368.5,41.7,Arcilloso,Primavera,Templado,281.3,26.9,22.29,241481.42
295,Maíz,23.85,Lluvia,4353.9,404.9,22.0,Arcilloso,Otoño,Templado,414.1,23.6,27.34,117351.07
296,Maíz,122.51,Lluvia,968.0,282.8,15.1,Arcilloso,Primavera,Árido,36.1,10.6,4.5,99335.6
297,Parchita,58.44,Aspersión,3493.9,248.1,13.0,Arcilloso,Invierno,Árido,1153.8,5.8,49.73,1453098.23
298,Soja,116.67,Aspersión,4206.8,116.4,9.7,Arcilloso,Otoño,Templado,801.4,13.5,3.16,128937.65
299,Arroz,31.72,Aspersión,4728.6,197.7,2.9,Volcánico,Otoño,Templado,1119.8,18.3,10.15,70803.86
300,Cacao,96.75,Lluvia,3447.9,245.3,17.1,Volcánico,Otoño,Árido,318.6,23.5,2.61,630677.81
301,Parchita,106.99,Lluvia,2536.2,89.9,13.5,Franco,Verano,Tropical,733.8,30.5,10.55,564304.04
302,Café,11.31,Goteo,3127.5,149.3,48.3,Arenoso,Verano,Mediterráneo,814.2,10.9,1.86,46213.82
303,Maíz,67.98,Goteo,4357.6,319.2,27.9,Franco,Primavera,Mediterráneo,381.1,8.8,23.8,291252.46
304,Parchita,27.75,Aspersión,2896.0,381.0,17.4,Arenoso,Otoño,Templado,1017.7,33.9,79.11,1097606.39
305,Arroz,13.61,Secano,248.9,499.3,29.0,Arcilloso,Invierno,Tropical,1136.6,8.2,11.66,34913.62
306,Maíz,198.0,Secano,4661.6,469.9,7.0,Arenoso,Verano,Árido,1061.8,19.4,15.97,569081.08
307,Tomate,65.15,Lluvia,3478.7,339.2,22.2,Franco,Invierno,Templado,886.9,22.6,226.73,4431369.12
308,Parchita,162.17,Lluvia,3414.9,239.6,31.3,Franco,Invierno,Tropical,333.0,21.2,24.37,1976209.54
309,Papa,51.67,Lluvia,1156.8,336.3,24.4,Arenoso,Verano,Tropical,337.9,7.6,53.09,685730.21
310,Maíz,136.62,Aspersión,3328.5,403.5,20.1,Volcánico,Verano,Tropical,1156.0,6.7,18.07,444344.28
311,Arroz,152.29,Secano,2029.9,103.3,49.7,Arcilloso,Verano,Árido,12.3,8.2,2.0,66954.43
312,Trigo,119.53,Goteo,3291.0,234.5,44.0,Arcilloso,Verano,Árido,859.3,22.6,7.94,189695.78
313,Cacao,94.84,Aspersión,622.3,427.9,31.2,Franco,Otoño,Mediterráneo,847.5,21.3,0.59,140431.16
314,Algodón,82.96,Goteo,3323.4,222.7,28.5,Volcánico,Otoño,Mediterráneo,747.2,12.0,4.9,61015.01
315,Soja,70.42,Goteo,4997.1,307.3,31.0,Arenoso,Otoño,Tropical,1188.1,24.1,9.27,228390.86
316,Algodón,185.98,Aspersión,336.2,314.5,10.1,Arcilloso,Otoño,Tropical,374.3,29.6,0.26,7361.86
317,Arroz,166.29,Goteo,4888.2,133.0,19.8,Volcánico,Primavera,Árido,408.0,6.2,6.09,222785.85
318,Café,193.04,Secano,2093.8,213.0,2.0,Arcilloso,Otoño,Mediterráneo,94.7,19.9,1.04,440891.83
319,Café,25.74,Goteo,4366.7,200.5,23.8,Volcánico,Verano,Tropical,531.4,25.7,2.93,165898.55
320,Trigo,146.44,Secano,3933.7,61.8,27.2,Volcánico,Invierno,Mediterráneo,313.3,12.6,2.42,71002.78
321,Soja,187.73,Secano,2878.4,60.9,11.4,Franco,Otoño,Mediterráneo,412.1,14.2,0.66,43162.21
322,Papa,37.07,Secano,3718.4,424.3,48.2,Arcilloso,Primavera,Tropical,1001.5,23.4,82.19,761689.41
323,Trigo,14.23,Lluvia,4404.7,172.9,45.5,Arenoso,Verano,Árido,1122.6,31.9,7.62,21692.98
324,Algodón,148.48,Goteo,2080.3,283.1,36.1,Franco,Invierno,Tropical,222.9,29.3,1.92,42733.48
325,Trigo,115.32,Aspersión,1702.5,184.4,26.7,Franco,Invierno,Tropical,447.0,22.5,3.02,69683.44
326,Algodón,168.52,Aspersión,3371.2,473.3,43.5,Arenoso,Otoño,Mediterráneo,1114.4,26.9,3.2,80917.98
327,Maíz,28.81,Goteo,4058.4,166.7,6.5,Franco,Invierno,Tropical,74.2,15.9,13.61,70558.31
328,Café,159.26,Lluvia,3835.2,243.3,39.5,Volcánico,Otoño,Árido,110.8,24.2,2.5,875699.78
329,Maíz,41.12,Lluvia,4009.3,442.7,6.2,Volcánico,Otoño,Tropical,195.3,19.0,30.71,227330.32
330,Cacao,33.57,Secano,2234.4,428.9,39.7,Arcilloso,Verano,Árido,714.3,10.7,3.47,291094.14
331,Soja,33.69,Goteo,4107.4,133.7,13.8,Arcilloso,Verano,Árido,180.6,26.1,3.4,40113.64
332,Papa,163.1,Goteo,689.0,411.2,43.9,Arenoso,Primavera,Mediterráneo,1161.7,21.7,8.73,356144.92
333,Algodón,133.37,Aspersión,2768.0,256.2,47.2,Arcilloso,Verano,Templado,536.1,15.8,2.9,57953.31
334,Papa,105.09,Goteo,128.2,267.3,7.4,Volcánico,Verano,Templado,601.8,32.3,2.39,62727.49
335,Algodón,72.41,Lluvia,1690.5,110.1,23.1,Arenoso,Otoño,Mediterráneo,296.0,5.6,1.25,13571.44
336,Arroz,175.56,Goteo,1895.7,86.3,49.0,Arenoso,Verano,Tropical,565.2,14.5,1.3,50339.26
337,Trigo,79.1,Aspersión,2041.2,377.6,24.2,Arcilloso,Otoño,Mediterráneo,794.3,6.7,12.24,193644.47
338,Cacao,163.5,Secano,3507.8,273.4,43.2,Volcánico,Otoño,Árido,901.4,28.0,1.38,563151.55
339,Café,88.39,Aspersión,2003.9,246.6,29.4,Arenoso,Verano,Templado,904.6,26.1,1.99,387270.71
340,Algodón,76.01,Aspersión,2298.6,378.3,18.8,Volcánico,Primavera,Mediterráneo,693.5,14.9,6.0,68382.16
341,Papa,93.07,Secano,1264.0,394.5,14.3,Volcánico,Primavera,Tropical,1085.2,25.3,36.42,847302.09
342,Cacao,60.97,Aspersión,1928.9,121.5,10.2,Volcánico,Invierno,Mediterráneo,980.9,16.9,0.81,123660.98
343,Tomate,149.77,Aspersión,1213.6,324.6,38.1,Arcilloso,Invierno,Templado,908.5,27.7,32.12,1443400.82
344,Tomate,101.04,Goteo,458.7,110.9,19.3,Franco,Verano,Mediterráneo,66.7,18.6,9.05,274177.93
345,Maíz,47.21,Goteo,3056.9,388.1,25.6,Franco,Primavera,Mediterráneo,8.3,17.4,24.26,206178.83
346,Café,180.02,Secano,3374.2,345.6,24.6,Arenoso,Otoño,Templado,254.9,33.0,2.0,790356.63
347,Arroz,77.39,Goteo,3135.5,480.5,28.9,Volcánico,Invierno,Árido,796.2,12.5,21.02,357930.04
348,Papa,109.17,Goteo,2371.1,81.0,43.3,Arcilloso,Otoño,Árido,493.4,8.6,8.97,244750.26
349,Trigo,181.39,Aspersión,1961.0,75.7,49.0,Volcánico,Invierno,Templado,482.9,22.5,0.98,35505.88
350,Trigo,125.22,Lluvia,4330.3,177.0,20.4,Volcánico,Verano,Mediterráneo,1061.5,34.1,8.58,214793.76
351,Papa,24.26,Goteo,2643.5,167.8,41.4,Arcilloso,Primavera,Templado,1074.7,16.3,39.29,238270.09
352,Soja,188.03,Lluvia,2448.0,161.1,38.2,Franco,Invierno,Árido,1091.0,6.9,1.54,101211.54
353,Arroz,125.91,Goteo,225.6,457.8,28.7,Volcánico,Primavera,Tropical,376.7,15.2,1.27,35057.81
354,Cacao,67.65,Goteo,1772.1,162.3,47.8,Volcánico,Otoño,Mediterráneo,829.3,20.2,1.07,180396.9
355,Algodón,28.72,Secano,1963.0,172.4,10.0,Franco,Verano,Árido,326.0,9.9,3.95,17001.55
356,Soja,159.01,Secano,2054.2,391.7,5.5,Arcilloso,Primavera,Mediterráneo,228.7,24.7,4.35,242140.36
357,Algodón,124.39,Secano,2942.8,252.4,42.7,Arenoso,Verano,Templado,221.6,34.9,2.4,44786.6
358,Algodón,107.16,Lluvia,2714.7,399.5,22.0,Franco,Primavera,Tropical,410.5,18.6,5.62,90385.62
359,Soja,178.88,Aspersión,3078.7,79.4,42.3,Arenoso,Otoño,Templado,515.9,15.6,1.01,63159.95
360,Maíz,157.93,Goteo,3847.9,269.4,44.7,Arenoso,Otoño,Tropical,997.1,17.0,13.73,390386.38
361,Tomate,31.18,Goteo,4083.6,65.1,3.1,Franco,Verano,Mediterráneo,143.9,8.5,38.8,362916.66
362,Algodón,63.03,Goteo,3618.8,78.2,44.2,Volcánico,Otoño,Mediterráneo,881.9,31.5,1.87,17666.7
363,Soja,50.45,Lluvia,4782.1,457.9,22.4,Arenoso,Invierno,Templado,637.7,17.4,13.22,233466.28
364,Soja,149.05,Secano,189.3,112.7,25.5,Arenoso,Primavera,Tropical,345.5,16.6,0.1,5037.06
365,Parchita,7.67,Aspersión,1059.3,289.6,31.3,Arcilloso,Otoño,Tropical,591.4,24.8,64.69,248088.02
366,Maíz,114.41,Lluvia,137.1,235.0,46.3,Volcánico,Invierno,Mediterráneo,359.9,18.3,0.59,12146.67
367,Café,152.73,Secano,3272.6,206.3,1.0,Arenoso,Verano,Templado,715.3,24.4,1.89,636644.49
368,Parchita,175.48,Lluvia,4500.3,454.9,23.8,Arcilloso,Invierno,Tropical,520.6,6.8,47.33,4153063.3
369,Parchita,69.07,Aspersión,1293.1,59.8,34.4,Volcánico,Verano,Mediterráneo,197.3,29.4,6.06,209276.66
370,Papa,164.43,Secano,4642.5,348.7,36.1,Franco,Verano,Árido,139.9,33.2,57.73,2373198.42
371,Tomate,23.02,Lluvia,395.3,483.5,34.6,Franco,Primavera,Templado,656.0,24.5,82.71,571219.26
372,Soja,169.44,Aspersión,4678.7,302.1,6.7,Arcilloso,Primavera,Árido,1082.9,33.6,6.01,356702.3
373,Tomate,26.37,Goteo,1823.0,471.6,15.0,Franco,Invierno,Templado,412.7,9.5,214.54,1697197.65
374,Arroz,80.06,Aspersión,597.0,73.5,17.9,Arenoso,Primavera,Mediterráneo,879.6,19.3,0.93,16327.16
375,Papa,159.66,Goteo,2480.8,238.5,40.2,Volcánico,Primavera,Tropical,790.4,23.1,21.65,864331.42
376,Café,30.83,Lluvia,1358.2,167.1,13.9,Arenoso,Primavera,Tropical,1117.9,22.5,2.83,192278.25
377,Tomate,46.62,Secano,1495.9,378.9,10.5,Arenoso,Invierno,Tropical,985.2,17.0,145.94,2041077.47
378,Trigo,144.73,Secano,1605.7,491.6,47.9,Franco,Otoño,Templado,679.9,15.1,5.12,148226.61
379,Algodón,144.29,Lluvia,4034.8,165.4,0.4,Arenoso,Primavera,Mediterráneo,788.4,8.8,2.07,44869.65
380,Arroz,128.59,Secano,2741.9,344.4,49.9,Franco,Primavera,Árido,1078.1,16.8,9.84,278411.87
381,Maíz,139.1,Secano,1625.4,139.1,33.8,Volcánico,Invierno,Mediterráneo,479.4,9.9,2.35,58917.95
382,Café,109.0,Goteo,3090.6,304.4,41.4,Volcánico,Otoño,Árido,392.2,27.0,2.83,679007.93
383,Arroz,51.11,Lluvia,3609.1,258.8,14.7,Arenoso,Primavera,Templado,13.0,11.3,15.87,178479.52
384,Algodón,69.79,Aspersión,1435.9,487.4,0.7,Arcilloso,Verano,Templado,991.9,6.8,3.77,39481.98
385,Papa,37.14,Goteo,2126.4,323.8,36.9,Franco,Invierno,Árido,961.2,21.6,78.28,726785.63
386,Algodón,181.78,Lluvia,697.2,207.3,41.7,Franco,Primavera,Árido,125.3,22.9,0.38,10305.83
387,Parchita,117.09,Goteo,987.6,101.3,37.0,Arenoso,Primavera,Árido,692.2,31.2,4.91,287716.69
388,Algodón,80.77,Aspersión,3437.5,118.1,7.1,Franco,Verano,Mediterráneo,556.8,22.3,2.74,33256.16
389,Parchita,92.94,Aspersión,989.0,151.4,37.7,Franco,Verano,Árido,142.5,15.4,8.03,373281.91
390,Papa,189.51,Lluvia,2673.3,162.9,38.4,Arcilloso,Invierno,Templado,1176.7,29.1,13.39,634211.03
391,Cacao,31.52,Aspersión,3574.3,432.8,32.9,Arcilloso,Invierno,Templado,257.6,21.2,3.37,265625.43
392,Parchita,117.66,Goteo,623.7,302.6,38.3,Arenoso,Verano,Tropical,80.7,7.4,10.42,613140.56
393,Maíz,101.67,Aspersión,2879.8,285.5,42.3,Arcilloso,Invierno,Árido,713.8,22.0,11.66,213429.3
394,Algodón,122.68,Goteo,1357.2,101.6,30.7,Arenoso,Verano,Mediterráneo,886.6,32.2,0.52,9504.79
395,Algodón,4.6,Goteo,4818.3,437.1,4.4,Volcánico,Primavera,Mediterráneo,38.9,16.9,7.35,5074.13
396,Maíz,174.55,Aspersión,2469.4,375.3,24.4,Arenoso,Verano,Mediterráneo,790.5,13.9,8.62,270959.04
397,Trigo,186.49,Lluvia,4049.4,80.5,3.9,Volcánico,Verano,Tropical,638.8,9.3,1.89,70550.71
398,Soja,113.46,Secano,2796.1,368.5,20.4,Arenoso,Otoño,Templado,123.9,9.5,7.58,301104.95
399,Cacao,139.63,Aspersión,312.7,294.6,20.4,Franco,Verano,Mediterráneo,207.0,18.0,0.14,48881.88
400,Café,184.58,Goteo,3202.4,86.8,3.3,Arcilloso,Verano,Templado,681.6,22.9,0.6,241698.79
401,Parchita,141.74,Goteo,4761.9,256.2,17.4,Volcánico,Otoño,Tropical,355.6,7.4,40.22,2850198.52
402,Maíz,31.36,Aspersión,3047.9,268.1,5.5,Arenoso,Invierno,Árido,1126.0,33.2,15.54,87737.67
403,Papa,115.68,Lluvia,4114.0,124.6,40.4,Arcilloso,Otoño,Árido,982.5,27.7,32.23,932116.48
404,Parchita,121.74,Lluvia,4432.6,475.6,47.4,Arenoso,Primavera,Árido,1180.3,22.6,63.79,3883185.91
405,Soja,85.4,Goteo,1217.6,432.5,3.6,Arcilloso,Otoño,Mediterráneo,311.6,29.9,4.83,144276.48
406,Papa,147.55,Goteo,1139.0,351.1,47.8,Arcilloso,Primavera,Árido,1163.7,7.4,17.24,636003.29
407,Arroz,186.94,Lluvia,3093.8,258.0,26.1,Arenoso,Invierno,Mediterráneo,517.5,19.3,5.32,218928.06
408,Algodón,185.19,Secano,2114.0,235.3,15.0,Volcánico,Otoño,Tropical,417.0,23.9,1.59,44103.34
409,Arroz,90.72,Aspersión,4215.3,342.9,3.8,Volcánico,Otoño,Tropical,60.4,29.9,20.34,405968.84
410,Parchita,23.53,Goteo,4510.1,295.4,25.0,Franco,Invierno,Mediterráneo,63.3,28.5,67.58,795068.57
411,Soja,196.98,Goteo,1831.8,78.0,39.7,Arcilloso,Primavera,Templado,830.4,13.3,0.47,32537.45
412,Cacao,167.94,Lluvia,1260.7,280.6,35.4,Franco,Otoño,Árido,549.5,33.2,0.6,252397.3
413,Parchita,25.81,Aspersión,3924.6,412.9,2.5,Franco,Primavera,Árido,271.8,8.7,64.42,831382.97
414,Maíz,184.25,Lluvia,1446.5,256.7,3.6,Arenoso,Otoño,Árido,736.8,31.3,3.54,117515.87
415,Tomate,174.11,Aspersión,4130.8,73.4,20.1,Arenoso,Verano,Mediterráneo,303.4,34.1,28.94,1511454.57
416,Parchita,104.25,Aspersión,2176.3,403.8,14.8,Arenoso,Otoño,Tropical,693.2,10.3,53.91,2810278.01
417,Algodón,118.66,Aspersión,3371.0,140.6,11.6,Arcilloso,Invierno,Árido,431.1,26.7,2.32,41365.59
418,Algodón,80.4,Goteo,568.1,166.4,14.1,Arenoso,Invierno,Tropical,988.3,6.2,0.66,7996.33
419,Parchita,11.9,Secano,3156.9,124.1,40.2,Arenoso,Primavera,Árido,984.8,17.2,28.67,170610.08
420,Papa,67.7,Lluvia,2313.7,198.6,46.5,Arcilloso,Otoño,Árido,572.8,20.5,37.32,631589.53
421,Tomate,160.77,Secano,2974.4,390.5,20.3,Arcilloso,Primavera,Mediterráneo,421.0,22.4,99.01,4775557.26
422,Maíz,1.92,Lluvia,923.3,283.7,45.3,Volcánico,Primavera,Templado,435.1,33.1,18.18,6283.92
423,Parchita,67.37,Aspersión,3710.7,142.2,16.1,Arenoso,Verano,Mediterráneo,966.9,25.2,27.04,910888.4
424,Papa,80.24,Goteo,4327.7,445.0,23.8,Arenoso,Verano,Árido,393.8,19.4,95.73,1920400.51
425,Algodón,107.94,Secano,1162.0,445.8,11.3,Arenoso,Invierno,Árido,250.9,29.3,2.19,35481.28
426,Algodón,184.05,Goteo,569.0,441.8,32.0,Volcánico,Primavera,Templado,101.6,33.5,0.53,14747.66
427,Soja,69.92,Lluvia,215.8,157.5,48.9,Arenoso,Invierno,Tropical,560.0,5.7,0.39,9604.5
428,Parchita,70.04,Goteo,3245.7,253.1,30.2,Volcánico,Otoño,Tropical,578.6,34.5,48.28,1690687.72
429,Tomate,147.76,Goteo,3074.8,493.2,17.9,Franco,Primavera,Árido,1009.1,7.6,115.38,5114690.29
430,Trigo,90.99,Secano,2778.8,397.4,32.4,Volcánico,Primavera,Tropical,265.5,29.4,15.19,276443.18
431,Tomate,45.7,Aspersión,1236.5,62.2,6.1,Franco,Otoño,Árido,457.2,13.4,28.24,387135.15
432,Algodón,91.04,Goteo,2015.4,79.3,44.4,Arenoso,Otoño,Templado,970.1,9.0,0.96,13134.76
433,Algodón,29.03,Aspersión,3012.9,258.8,25.2,Franco,Invierno,Templado,988.3,18.2,5.48,23850.97
434,Arroz,36.1,Lluvia,2534.2,459.1,22.5,Volcánico,Invierno,Árido,461.5,24.3,20.7,164363.05
435,Algodón,100.18,Goteo,4940.1,292.4,29.3,Arcilloso,Otoño,Templado,550.9,16.4,5.96,89531.59
436,Maíz,84.37,Secano,768.6,274.0,31.2,Franco,Invierno,Mediterráneo,363.9,6.6,3.65,55390.7
437,Café,183.05,Lluvia,3506.2,97.5,3.6,Franco,Otoño,Mediterráneo,1119.1,23.0,0.67,268195.06
438,Parchita,73.12,Lluvia,2081.2,345.6,34.1,Arenoso,Primavera,Templado,142.4,32.1,47.48,1735952.46
439,Tomate,116.54,Secano,2198.2,419.9,12.1,Volcánico,Primavera,Árido,1120.5,16.5,92.34,3228417.72
440,Café,126.82,Goteo,3616.2,221.2,35.7,Franco,Verano,Árido,820.6,11.5,2.15,600260.4
441,Papa,3.61,Goteo,3492.9,399.0,41.1,Franco,Primavera,Templado,637.9,18.3,117.93,106432.2
442,Trigo,133.04,Lluvia,4957.2,484.0,40.2,Franco,Otoño,Tropical,39.2,6.5,22.01,585669.9
443,Maíz,36.43,Goteo,729.1,141.7,27.6,Franco,Invierno,Mediterráneo,570.7,29.6,4.67,30621.41
444,Tomate,192.25,Aspersión,610.1,285.5,26.0,Arcilloso,Verano,Tropical,489.3,29.8,11.11,640573.97
445,Café,30.58,Secano,3649.3,179.2,7.1,Volcánico,Invierno,Árido,193.5,22.6,2.34,157625.17
446,Trigo,83.51,Aspersión,2934.1,406.8,38.8,Arenoso,Otoño,Árido,787.7,15.6,16.81,280760.25
447,Arroz,17.98,Goteo,1443.4,309.9,13.6,Arenoso,Primavera,Tropical,1165.4,29.0,24.12,95396.6
448,Maíz,199.38,Lluvia,489.2,335.6,24.8,Arcilloso,Verano,Templado,674.6,21.6,1.23,44293.09
449,Maíz,100.94,Secano,519.7,409.1,14.2,Volcánico,Otoño,Tropical,857.7,29.8,3.98,72384.44
450,Arroz,119.48,Goteo,4481.5,228.2,6.7,Franco,Verano,Tropical,82.1,23.9,11.91,313124.36
451,Parchita,14.35,Goteo,1040.1,461.8,31.5,Arcilloso,Verano,Mediterráneo,501.2,28.5,95.4,684496.74
452,Arroz,150.24,Lluvia,1684.5,289.9,2.7,Volcánico,Primavera,Mediterráneo,139.6,23.0,4.64,153520.01
453,Maíz,42.77,Lluvia,1210.6,121.1,37.4,Franco,Otoño,Tropical,735.4,17.4,6.66,51264.3
454,Maíz,179.71,Aspersión,1839.5,363.2,15.9,Arcilloso,Invierno,Tropical,1126.2,33.7,6.1,197202.61
455,Café,41.82,Secano,440.2,407.0,0.0,Volcánico,Verano,Árido,794.1,21.2,1.66,152684.38
456,Algodón,38.95,Secano,2643.4,192.5,25.6,Arenoso,Verano,Mediterráneo,92.2,23.2,3.38,19722.56
457,Trigo,8.27,Lluvia,431.3,435.7,2.3,Arenoso,Invierno,Mediterráneo,425.6,11.6,17.17,28396.15
458,Arroz,94.94,Aspersión,4021.7,457.8,13.8,Volcánico,Otoño,Árido,660.8,23.8,28.21,589120.88
459,Trigo,113.4,Secano,1245.2,174.6,35.3,Arenoso,Verano,Templado,483.8,22.1,2.8,63433.13
460,Arroz,14.08,Lluvia,2746.1,492.6,3.1,Volcánico,Verano,Mediterráneo,1000.4,10.5,27.72,85864.55
461,Papa,155.33,Goteo,4412.4,113.3,42.0,Franco,Verano,Mediterráneo,977.6,6.8,21.12,820324.75
462,Maíz,91.2,Secano,3289.3,140.9,0.2,Volcánico,Otoño,Templado,734.2,23.1,9.99,163992.36
463,Algodón,105.35,Aspersión,2711.5,132.9,12.3,Franco,Otoño,Mediterráneo,448.1,27.9,1.42,22367.84
464,Café,88.71,Aspersión,1689.2,452.3,37.0,Arcilloso,Invierno,Mediterráneo,306.4,20.7,2.67,520598.19
465,Algodón,80.75,Aspersión,1731.7,344.4,15.8,Volcánico,Otoño,Templado,127.0,11.8,3.42,41396.6
466,Algodón,112.37,Goteo,3380.5,118.4,5.1,Arcilloso,Otoño,Templado,425.9,25.0,1.88,31647.61
467,Algodón,31.89,Secano,4971.3,248.1,18.0,Arenoso,Primavera,Tropical,495.8,7.4,4.68,22368.15
468,Trigo,37.2,Secano,3343.0,326.9,13.5,Franco,Invierno,Árido,811.0,18.3,14.05,104509.21
469,Arroz,172.5,Goteo,2833.1,87.6,42.1,Volcánico,Verano,Árido,789.8,9.9,2.24,85059.49
470,Cacao,189.28,Secano,3680.2,447.1,15.7,Arcilloso,Otoño,Templado,84.1,10.5,2.19,1035749.57
471,Papa,75.29,Goteo,2379.5,411.6,39.4,Franco,Verano,Templado,474.3,11.1,75.29,1417065.71
472,Tomate,54.88,Goteo,394.7,277.3,44.6,Franco,Verano,Mediterráneo,218.1,16.6,25.52,420079.45
473,Algodón,129.16,Goteo,2855.3,485.2,21.7,Arenoso,Primavera,Tropical,188.2,6.5,3.88,75266.45
474,Parchita,82.34,Aspersión,4792.4,238.0,45.5,Arenoso,Otoño,Tropical,992.8,16.9,46.86,1929302.38
475,Trigo,6.05,Secano,959.0,492.8,18.9,Franco,Invierno,Templado,50.3,20.4,18.4,22263.01
476,Café,32.07,Goteo,3481.0,350.6,48.2,Franco,Otoño,Mediterráneo,503.0,19.5,5.56,392236.76
477,Tomate,143.48,Secano,1084.6,335.6,4.5,Volcánico,Verano,Mediterráneo,201.8,16.5,39.59,1704100.9
478,Cacao,132.13,Aspersión,2725.6,124.7,34.4,Franco,Invierno,Árido,1055.2,30.2,0.69,229087.47
479,Parchita,6.39,Goteo,573.7,446.9,24.7,Volcánico,Otoño,Árido,668.4,9.4,75.6,241542.2
480,Cacao,45.17,Lluvia,2306.8,242.4,19.4,Franco,Verano,Mediterráneo,277.7,20.2,2.74,309205.38
481,Tomate,46.98,Aspersión,3805.2,123.0,31.6,Arenoso,Verano,Árido,602.9,6.9,65.06,917021.43
482,Algodón,134.71,Lluvia,1803.1,55.7,35.2,Volcánico,Primavera,Templado,877.8,7.1,0.37,7439.17
483,Parchita,4.92,Secano,3358.1,301.9,0.2,Arcilloso,Primavera,Mediterráneo,1149.7,22.2,67.65,166414.75
484,Cacao,21.72,Secano,3997.7,287.3,8.3,Arenoso,Primavera,Árido,264.5,22.0,2.51,136045.3
485,Café,160.18,Aspersión,4643.2,373.7,35.7,Volcánico,Verano,Tropical,1063.4,31.3,3.43,1208116.2
486,Arroz,36.53,Secano,1249.7,450.6,33.3,Volcánico,Otoño,Mediterráneo,1121.2,21.7,23.68,190277.46
487,Maíz,130.9,Lluvia,2056.6,85.7,48.3,Arcilloso,Primavera,Mediterráneo,1099.7,33.8,2.21,52030.79
488,Arroz,48.4,Goteo,846.8,379.2,38.1,Volcánico,Otoño,Tropical,762.5,6.5,11.75,125134.57
489,Tomate,20.79,Goteo,4963.2,134.3,47.5,Franco,Primavera,Templado,755.8,7.9,65.28,407157.82
490,Trigo,49.39,Goteo,4642.3,436.2,35.1,Arcilloso,Invierno,Tropical,483.9,6.3,21.52,212578.27
491,Maíz,144.73,Aspersión,2745.8,418.6,14.9,Arenoso,Invierno,Mediterráneo,902.9,10.6,12.3,320521.37
492,Papa,171.28,Secano,4226.0,293.4,5.3,Arenoso,Primavera,Templado,637.6,21.2,37.2,1593081.47
493,Café,166.21,Lluvia,2652.7,369.6,39.1,Franco,Verano,Árido,812.9,24.4,2.31,844390.6
494,Papa,80.04,Secano,3155.6,191.5,32.2,Arenoso,Primavera,Árido,514.1,6.4,42.29,846319.95
495,Parchita,133.95,Secano,536.7,262.0,2.4,Volcánico,Primavera,Árido,877.8,33.4,5.01,335621.86
496,Maíz,41.79,Secano,3800.8,419.7,18.0,Volcánico,Verano,Mediterráneo,989.4,30.3,23.3,175286.1
497,Papa,59.34,Goteo,725.8,256.7,47.8,Franco,Invierno,Tropical,175.7,13.9,16.85,250027.58
498,Papa,179.37,Lluvia,4147.7,211.0,25.0,Arenoso,Otoño,Templado,999.5,7.3,28.03,1256942.85
499,Cacao,3.59,Lluvia,3931.9,272.4,21.6,Arenoso,Primavera,Árido,648.4,10.1,2.28,20436.09
500,Arroz,18.02,Secano,3572.8,422.7,22.9,Franco,Verano,Templado,1013.6,8.8,27.94,110780.92
